{
    "mse": 0.6450005003235478,
    "mae": 0.6551462834843995,
    "r2": 0.013014969842177981,
    "rmse": 0.8031192316982254
}